{
  "packages": [
    {
      "id": "uk-001",
      "name": "3 Nights, 4 Days London - Private",
      "filename": "3 nights 4 days London_Private.pdf",
      "region": "UK & Ireland",
      "folder": "multi-country/uk-ireland",
      "cities": ["London"],
      "duration": "3 nights, 4 days",
      "type": "Private",
      "tags": ["England", "City Break", "Thames"]
    },
    {
      "id": "uk-002",
      "name": "10 Nights, 11 Days England-Scotland - Regular",
      "filename": "10 Nights 11 Days England-Scotland_ Regular.pdf",
      "region": "UK & Ireland",
      "folder": "multi-country/uk-ireland",
      "cities": ["London", "Manchester", "Edinburgh", "Inverness", "Glasgow"],
      "duration": "10 nights, 11 days",
      "type": "Regular",
      "tags": ["England", "Scotland", "Scottish Highlands", "Multi-city"]
    },
    {
      "id": "uk-003",
      "name": "9 Nights, 10 Days England-Scotland - Private",
      "filename": "9 Nights 10 Days England-Scotland_ Private.pdf",
      "region": "UK & Ireland",
      "folder": "multi-country/uk-ireland",
      "cities": ["London", "Manchester", "Edinburgh", "Inverness", "Glasgow"],
      "duration": "9 nights, 10 days",
      "type": "Private",
      "tags": ["England", "Scotland", "Scottish Highlands", "Multi-city"]
    },
    {
      "id": "uk-004",
      "name": "8 Nights, 9 Days London Scotland - Regular",
      "filename": "8 Nights 9 Days London Scotland_Regular.pdf",
      "region": "UK & Ireland",
      "folder": "multi-country/uk-ireland",
      "cities": ["London", "Glasgow", "Inverness", "Edinburgh"],
      "duration": "8 nights, 9 days",
      "type": "Regular",
      "tags": ["England", "Scotland", "Scottish Highlands"]
    },
    {
      "id": "uk-005",
      "name": "6 Nights, 7 Days Scotland - Self Drive",
      "filename": "6 nights, 7 days Scotland_Self Drive.pdf",
      "region": "UK & Ireland",
      "folder": "multi-country/uk-ireland",
      "cities": ["Edinburgh", "Inverness", "Fort William"],
      "duration": "6 nights, 7 days",
      "type": "Self Drive",
      "tags": ["Scotland", "Scottish Highlands", "Self Drive"]
    },
    {
      "id": "uk-006",
      "name": "6 Nights, 7 Days Scotland - Regular",
      "filename": "6 nights, 7 days Scotland_Regular.pdf",
      "region": "UK & Ireland",
      "folder": "multi-country/uk-ireland",
      "cities": ["Edinburgh", "Inverness", "Fort William"],
      "duration": "6 nights, 7 days",
      "type": "Regular",
      "tags": ["Scotland", "Scottish Highlands"]
    },
    {
      "id": "uk-007",
      "name": "6 Nights, 7 Days Scotland - Private",
      "filename": "6 nights, 7 days Scotland_Private.pdf",
      "region": "UK & Ireland",
      "folder": "multi-country/uk-ireland",
      "cities": ["Edinburgh", "Inverness", "Fort William"],
      "duration": "6 nights, 7 days",
      "type": "Private",
      "tags": ["Scotland", "Scottish Highlands"]
    },
    {
      "id": "uk-008",
      "name": "6 Nights, 7 Days Ireland - Self Drive",
      "filename": "6 nights, 7 days Ireland_Self Drive.pdf",
      "region": "UK & Ireland",
      "folder": "multi-country/uk-ireland",
      "cities": ["Dublin", "Limerick"],
      "duration": "6 nights, 7 days",
      "type": "Self Drive",
      "tags": ["Ireland", "Self Drive"]
    },
    {
      "id": "uk-009",
      "name": "6 Nights, 7 Days Ireland - Regular",
      "filename": "6 nights, 7 days Ireland_Regular.pdf",
      "region": "UK & Ireland",
      "folder": "multi-country/uk-ireland",
      "cities": ["Dublin", "Limerick"],
      "duration": "6 nights, 7 days",
      "type": "Regular",
      "tags": ["Ireland"]
    },
    {
      "id": "uk-010",
      "name": "6 Nights, 7 Days Ireland - Private",
      "filename": "6 nights, 7 days Ireland_Private.pdf",
      "region": "UK & Ireland",
      "folder": "multi-country/uk-ireland",
      "cities": ["Dublin", "Limerick"],
      "duration": "6 nights, 7 days",
      "type": "Private",
      "tags": ["Ireland"]
    },
    {
      "id": "wce-001",
      "name": "7 Nights, 8 Days Paris Switzerland - Private",
      "filename": "7 nights, 8 days Paris Switzerland_Private.pdf",
      "region": "Western & Central Europe",
      "folder": "multi-country/western-central-europe",
      "cities": ["Paris", "Lucerne", "Zurich"],
      "duration": "7 nights, 8 days",
      "type": "Private",
      "tags": ["France", "Switzerland", "Alps", "Seine"]
    },
    {
      "id": "wce-002",
      "name": "7 Nights, 8 Days Paris Switzerland - Regular",
      "filename": "7 nights, 8 days Paris Switzerland_Regular.pdf",
      "region": "Western & Central Europe",
      "folder": "multi-country/western-central-europe",
      "cities": ["Paris", "Lucerne", "Zurich"],
      "duration": "7 nights, 8 days",
      "type": "Regular",
      "tags": ["France", "Switzerland", "Alps", "Seine"]
    },
    {
      "id": "wce-003",
      "name": "9 Nights, 10 Days Paris Switzerland Austria - Private",
      "filename": "9 nights, 10 days Paris Switzerland Austria_Private.pdf",
      "region": "Western & Central Europe",
      "folder": "multi-country/western-central-europe",
      "cities": ["Paris", "Lucerne", "Innsbruck", "Vienna"],
      "duration": "9 nights, 10 days",
      "type": "Private",
      "tags": ["France", "Switzerland", "Austria", "Alps", "Danube"]
    },
    {
      "id": "wce-004",
      "name": "9 Nights, 10 Days Paris Switzerland Austria - Regular",
      "filename": "9 nights, 10 days Paris Switzerland Austria_Regular.pdf",
      "region": "Western & Central Europe",
      "folder": "multi-country/western-central-europe",
      "cities": ["Paris", "Lucerne", "Innsbruck", "Vienna"],
      "duration": "9 nights, 10 days",
      "type": "Regular",
      "tags": ["France", "Switzerland", "Austria", "Alps", "Danube"]
    },
    {
      "id": "wce-005",
      "name": "10 Nights, 11 Days Paris Switzerland Italy - Private",
      "filename": "10 nights, 11 days Paris Switzerland Italy_Private.pdf",
      "region": "Western & Central Europe",
      "folder": "multi-country/western-central-europe",
      "cities": ["Paris", "Lucerne", "Venice", "Florence", "Rome"],
      "duration": "10 nights, 11 days",
      "type": "Private",
      "tags": ["France", "Switzerland", "Italy", "Alps", "Tuscany"]
    },
    {
      "id": "wce-006",
      "name": "10 Nights, 11 Days Paris Switzerland Italy - Regular",
      "filename": "10 nights, 11 days Paris Switzerland Italy_Regular.pdf",
      "region": "Western & Central Europe",
      "folder": "multi-country/western-central-europe",
      "cities": ["Paris", "Lucerne", "Venice", "Florence", "Rome"],
      "duration": "10 nights, 11 days",
      "type": "Regular",
      "tags": ["France", "Switzerland", "Italy", "Alps", "Tuscany"]
    },
    {
      "id": "wce-007",
      "name": "8 Nights, 9 Days Amsterdam Paris Switzerland - Regular",
      "filename": "8 nights, 9 days Amsterdam Paris Switzerland_Regular.pdf",
      "region": "Western & Central Europe",
      "folder": "multi-country/western-central-europe",
      "cities": ["Amsterdam", "Paris", "Lucerne", "Zurich"],
      "duration": "8 nights, 9 days",
      "type": "Regular",
      "tags": ["Netherlands", "France", "Switzerland", "Alps", "Canals"]
    },
    {
      "id": "wce-008",
      "name": "8 Nights, 9 Days Amsterdam Paris Switzerland - Private",
      "filename": "8 nights, 9 days Amsterdam Paris Switzerland_Private.pdf",
      "region": "Western & Central Europe",
      "folder": "multi-country/western-central-europe",
      "cities": ["Amsterdam", "Paris", "Lucerne", "Zurich"],
      "duration": "8 nights, 9 days",
      "type": "Private",
      "tags": ["Netherlands", "France", "Switzerland", "Alps", "Canals"]
    },
    {
      "id": "italy-001",
      "name": "6 Nights, 7 Days Italy - Private",
      "filename": "6 nights, 7 days Italy_Private.pdf",
      "region": "Italy",
      "folder": "multi-country/italy",
      "cities": ["Venice", "Florence"],
      "duration": "6 nights, 7 days",
      "type": "Private",
      "tags": ["Italy", "Tuscany", "Canals"]
    },
    {
      "id": "italy-002",
      "name": "6 Nights, 7 Days Italy - Regular",
      "filename": "6 nights, 7 days Italy_Regular.pdf",
      "region": "Italy",
      "folder": "multi-country/italy",
      "cities": ["Venice", "Florence"],
      "duration": "6 nights, 7 days",
      "type": "Regular",
      "tags": ["Italy", "Tuscany", "Canals"]
    },
    {
      "id": "italy-003",
      "name": "10 Nights, 11 Days Italy - Private",
      "filename": "10 nights, 11 days Italy_Private.pdf",
      "region": "Italy",
      "folder": "multi-country/italy",
      "cities": ["Rome", "Naples", "Florence", "Venice", "Milan"],
      "duration": "10 nights, 11 days",
      "type": "Private",
      "tags": ["Italy", "Tuscany", "Amalfi Coast", "Canals"]
    },
    {
      "id": "italy-004",
      "name": "10 Nights, 11 Days Italy - Regular",
      "filename": "10 nights, 11 days Italy_Regular.pdf",
      "region": "Italy",
      "folder": "multi-country/italy",
      "cities": ["Rome", "Naples", "Florence", "Venice", "Milan"],
      "duration": "10 nights, 11 days",
      "type": "Regular",
      "tags": ["Italy", "Tuscany", "Amalfi Coast", "Canals"]
    },
    {
      "id": "switz-001",
      "name": "5 Nights, 6 Days Switzerland - Regular",
      "filename": "5 nights, 6 days Switzerland_Regular.pdf",
      "region": "Switzerland",
      "folder": "multi-country/switzerland",
      "cities": ["Lucerne", "Interlaken", "Zurich"],
      "duration": "5 nights, 6 days",
      "type": "Regular",
      "tags": ["Switzerland", "Alps", "Jungfrau"]
    },
    {
      "id": "switz-002",
      "name": "7 Nights, 8 Days Switzerland - Private",
      "filename": "7 nights, 8 days Switzerland_Private.pdf",
      "region": "Switzerland",
      "folder": "multi-country/switzerland",
      "cities": ["Lucerne", "Interlaken", "Montreux", "Zurich"],
      "duration": "7 nights, 8 days",
      "type": "Private",
      "tags": ["Switzerland", "Alps", "Jungfrau", "Lake Geneva"]
    },
    {
      "id": "switz-003",
      "name": "7 Nights, 8 Days Switzerland - Regular",
      "filename": "7 nights, 8 days Switzerland_Regular.pdf",
      "region": "Switzerland",
      "folder": "multi-country/switzerland",
      "cities": ["Lucerne", "Interlaken", "Montreux", "Zurich"],
      "duration": "7 nights, 8 days",
      "type": "Regular",
      "tags": ["Switzerland", "Alps", "Jungfrau", "Lake Geneva"]
    },
    {
      "id": "ee-001",
      "name": "6 Nights, 7 Days East Europe - Private",
      "filename": "6 nights, 7 days East Europe_Private.pdf",
      "region": "Eastern Europe",
      "folder": "multi-country/eastern-europe",
      "cities": ["Prague", "Vienna", "Budapest"],
      "duration": "6 nights, 7 days",
      "type": "Private",
      "tags": ["Czech Republic", "Austria", "Hungary", "Danube"]
    },
    {
      "id": "ee-002",
      "name": "6 Nights, 7 Days East Europe - Regular",
      "filename": "6 nights, 7 days East Europe_Regular.pdf",
      "region": "Eastern Europe",
      "folder": "multi-country/eastern-europe",
      "cities": ["Prague", "Vienna", "Budapest"],
      "duration": "6 nights, 7 days",
      "type": "Regular",
      "tags": ["Czech Republic", "Austria", "Hungary", "Danube"]
    },
    {
      "id": "city-001",
      "name": "3 Days Amsterdam",
      "filename": "3 Days_Amsterdam_2025-26_Europe Incoming.pdf",
      "region": "City Break",
      "folder": "city-break",
      "cities": ["Amsterdam"],
      "duration": "3 days",
      "type": "City Break",
      "tags": ["Netherlands", "Canals", "Museums"]
    },
    {
      "id": "city-002",
      "name": "3 Days Athens",
      "filename": "3 Days_Athens_2025-26_Europe Incoming.pdf",
      "region": "City Break",
      "folder": "city-break",
      "cities": ["Athens"],
      "duration": "3 days",
      "type": "City Break",
      "tags": ["Greece", "Ancient History", "Acropolis"]
    },
    {
      "id": "city-003",
      "name": "3 Days Barcelona",
      "filename": "3 Days_Barcelona_2025-26_Europe Incoming.pdf",
      "region": "City Break",
      "folder": "city-break",
      "cities": ["Barcelona"],
      "duration": "3 days",
      "type": "City Break",
      "tags": ["Spain", "Mediterranean", "Gaudi"]
    },
    {
      "id": "city-004",
      "name": "3 Days Bergen",
      "filename": "3 Days_Bergen_2025-26_Europe Incoming.pdf",
      "region": "City Break",
      "folder": "city-break",
      "cities": ["Bergen"],
      "duration": "3 days",
      "type": "City Break",
      "tags": ["Norway", "Fjords"]
    },
    {
      "id": "city-005",
      "name": "3 Days Berlin",
      "filename": "3 Days_Berlin_2025-26_Europe Incoming.pdf",
      "region": "City Break",
      "folder": "city-break",
      "cities": ["Berlin"],
      "duration": "3 days",
      "type": "City Break",
      "tags": ["Germany", "History"]
    },
    {
      "id": "city-006",
      "name": "3 Days Brussels",
      "filename": "3 Days_Brussels_2025-26_Europe Incoming.pdf",
      "region": "City Break",
      "folder": "city-break",
      "cities": ["Brussels"],
      "duration": "3 days",
      "type": "City Break",
      "tags": ["Belgium", "Grand Place"]
    },
    {
      "id": "city-007",
      "name": "3 Days Budapest",
      "filename": "3 Days_Budapest_2025-26_Europe Incoming.pdf",
      "region": "City Break",
      "folder": "city-break",
      "cities": ["Budapest"],
      "duration": "3 days",
      "type": "City Break",
      "tags": ["Hungary", "Danube", "Thermal Baths"]
    },
    {
      "id": "city-008",
      "name": "3 Days Copenhagen",
      "filename": "3 Days_Copenhagen_2025-26_Europe Incoming.pdf",
      "region": "City Break",
      "folder": "city-break",
      "cities": ["Copenhagen"],
      "duration": "3 days",
      "type": "City Break",
      "tags": ["Denmark", "Nordic"]
    },
    {
      "id": "city-009",
      "name": "3 Days Dublin",
      "filename": "3 Days_Dublin_2025-26_Europe Incoming.pdf",
      "region": "City Break",
      "folder": "city-break",
      "cities": ["Dublin"],
      "duration": "3 days",
      "type": "City Break",
      "tags": ["Ireland"]
    },
    {
      "id": "city-010",
      "name": "3 Days Dusseldorf",
      "filename": "3 Days_Dusseldorf_2025-26_Europe Incoming.pdf",
      "region": "City Break",
      "folder": "city-break",
      "cities": ["Dusseldorf"],
      "duration": "3 days",
      "type": "City Break",
      "tags": ["Germany", "Rhine"]
    },
    {
      "id": "city-011",
      "name": "3 Days Edinburgh",
      "filename": "3 Days_Edinburgh_2025-26_Europe Incoming.pdf",
      "region": "City Break",
      "folder": "city-break",
      "cities": ["Edinburgh"],
      "duration": "3 days",
      "type": "City Break",
      "tags": ["Scotland", "Castle"]
    },
    {
      "id": "city-012",
      "name": "3 Days Florence",
      "filename": "3 Days_Florence_2025-26_Europe Incoming.pdf",
      "region": "City Break",
      "folder": "city-break",
      "cities": ["Florence"],
      "duration": "3 days",
      "type": "City Break",
      "tags": ["Italy", "Tuscany", "Renaissance"]
    },
    {
      "id": "city-013",
      "name": "3 Days Frankfurt",
      "filename": "3 Days_Frankfurt_2025-26_Europe Incoming.pdf",
      "region": "City Break",
      "folder": "city-break",
      "cities": ["Frankfurt"],
      "duration": "3 days",
      "type": "City Break",
      "tags": ["Germany", "Financial Hub"]
    },
    {
      "id": "city-014",
      "name": "3 Days Geneva",
      "filename": "3 Days_Geneva_2025-26_Europe Incoming.pdf",
      "region": "City Break",
      "folder": "city-break",
      "cities": ["Geneva"],
      "duration": "3 days",
      "type": "City Break",
      "tags": ["Switzerland", "Lake Geneva"]
    },
    {
      "id": "city-015",
      "name": "3 Days Glasgow",
      "filename": "3 Days_Glasgow_2025-26_Europe Incoming.pdf",
      "region": "City Break",
      "folder": "city-break",
      "cities": ["Glasgow"],
      "duration": "3 days",
      "type": "City Break",
      "tags": ["Scotland"]
    },
    {
      "id": "city-016",
      "name": "3 Days Helsinki",
      "filename": "3 Days_Helsinki_2025-26_Europe Incoming.pdf",
      "region": "City Break",
      "folder": "city-break",
      "cities": ["Helsinki"],
      "duration": "3 days",
      "type": "City Break",
      "tags": ["Finland", "Nordic"]
    },
    {
      "id": "city-017",
      "name": "3 Days Innsbruck",
      "filename": "3 Days_Innsbruck_2025-26_Europe Incoming.pdf",
      "region": "City Break",
      "folder": "city-break",
      "cities": ["Innsbruck"],
      "duration": "3 days",
      "type": "City Break",
      "tags": ["Austria", "Alps"]
    },
    {
      "id": "city-018",
      "name": "3 Days Interlaken",
      "filename": "3 Days_Interlaken_2025-26_Europe Incoming.pdf",
      "region": "City Break",
      "folder": "city-break",
      "cities": ["Interlaken"],
      "duration": "3 days",
      "type": "City Break",
      "tags": ["Switzerland", "Alps", "Jungfrau"]
    },
    {
      "id": "city-019",
      "name": "3 Days Inverness",
      "filename": "3 Days_Inverness_2025-26_Europe Incoming.pdf",
      "region": "City Break",
      "folder": "city-break",
      "cities": ["Inverness"],
      "duration": "3 days",
      "type": "City Break",
      "tags": ["Scotland", "Scottish Highlands", "Loch Ness"]
    },
    {
      "id": "city-020",
      "name": "3 Days Lisbon",
      "filename": "3 Days_Lisbon_2025-26_Europe Incoming.pdf",
      "region": "City Break",
      "folder": "city-break",
      "cities": ["Lisbon"],
      "duration": "3 days",
      "type": "City Break",
      "tags": ["Portugal", "Atlantic"]
    },
    {
      "id": "city-021",
      "name": "3 Days London",
      "filename": "3 Days_London_2025-26_Europe Incoming.pdf",
      "region": "City Break",
      "folder": "city-break",
      "cities": ["London"],
      "duration": "3 days",
      "type": "City Break",
      "tags": ["England", "Thames", "Royal"]
    },
    {
      "id": "city-022",
      "name": "3 Days Lucerne",
      "filename": "3 Days_Lucerne_2025-26_Europe Incoming.pdf",
      "region": "City Break",
      "folder": "city-break",
      "cities": ["Lucerne"],
      "duration": "3 days",
      "type": "City Break",
      "tags": ["Switzerland", "Alps", "Lake"]
    },
    {
      "id": "city-023",
      "name": "3 Days Madrid",
      "filename": "3 Days_Madrid_2025-26_Europe Incoming.pdf",
      "region": "City Break",
      "folder": "city-break",
      "cities": ["Madrid"],
      "duration": "3 days",
      "type": "City Break",
      "tags": ["Spain", "Museums"]
    },
    {
      "id": "city-024",
      "name": "3 Days Milan",
      "filename": "3 Days_Milan_2025-26_Europe Incoming.pdf",
      "region": "City Break",
      "folder": "city-break",
      "cities": ["Milan"],
      "duration": "3 days",
      "type": "City Break",
      "tags": ["Italy", "Fashion", "Duomo"]
    },
    {
      "id": "city-025",
      "name": "3 Days Munich",
      "filename": "3 Days_Munich_2025-26_Europe Incoming.pdf",
      "region": "City Break",
      "folder": "city-break",
      "cities": ["Munich"],
      "duration": "3 days",
      "type": "City Break",
      "tags": ["Germany", "Bavaria", "Beer"]
    },
    {
      "id": "city-026",
      "name": "3 Days Mykonos",
      "filename": "3 Days_Mykonos_2025-26_Europe Incoming.pdf",
      "region": "City Break",
      "folder": "city-break",
      "cities": ["Mykonos"],
      "duration": "3 days",
      "type": "City Break",
      "tags": ["Greece", "Islands", "Beaches"]
    },
    {
      "id": "city-027",
      "name": "3 Days Nice",
      "filename": "3 Days_Nice_2025-26_Europe Incoming.pdf",
      "region": "City Break",
      "folder": "city-break",
      "cities": ["Nice"],
      "duration": "3 days",
      "type": "City Break",
      "tags": ["France", "French Riviera", "Mediterranean"]
    },
    {
      "id": "city-028",
      "name": "3 Days Oslo",
      "filename": "3 Days_Oslo_2025-26_Europe Incoming.pdf",
      "region": "City Break",
      "folder": "city-break",
      "cities": ["Oslo"],
      "duration": "3 days",
      "type": "City Break",
      "tags": ["Norway", "Nordic", "Fjords"]
    },
    {
      "id": "city-029",
      "name": "3 Days Paris",
      "filename": "3 Days_Paris_2025-26_Europe Incoming.pdf",
      "region": "City Break",
      "folder": "city-break",
      "cities": ["Paris"],
      "duration": "3 days",
      "type": "City Break",
      "tags": ["France", "Seine", "Eiffel Tower"]
    },
    {
      "id": "city-030",
      "name": "3 Days Prague",
      "filename": "3 Days_Prague_2025-26_Europe Incoming.pdf",
      "region": "City Break",
      "folder": "city-break",
      "cities": ["Prague"],
      "duration": "3 days",
      "type": "City Break",
      "tags": ["Czech Republic", "Historic"]
    },
    {
      "id": "city-031",
      "name": "3 Days Rome",
      "filename": "3 Days_Rome_2024-25_Europe Incoming.pdf",
      "region": "City Break",
      "folder": "city-break",
      "cities": ["Rome"],
      "duration": "3 days",
      "type": "City Break",
      "tags": ["Italy", "Ancient History", "Colosseum", "Vatican"]
    },
    {
      "id": "city-032",
      "name": "3 Days Salzburg",
      "filename": "3 Days_Salzburg_2025-26_Europe Incoming.pdf",
      "region": "City Break",
      "folder": "city-break",
      "cities": ["Salzburg"],
      "duration": "3 days",
      "type": "City Break",
      "tags": ["Austria", "Mozart", "Alps"]
    },
    {
      "id": "city-033",
      "name": "3 Days Santorini",
      "filename": "3 Days_Santorini_2025-26_Europe Incoming.pdf",
      "region": "City Break",
      "folder": "city-break",
      "cities": ["Santorini"],
      "duration": "3 days",
      "type": "City Break",
      "tags": ["Greece", "Islands", "Beaches", "Sunset"]
    },
    {
      "id": "city-034",
      "name": "3 Days Stockholm",
      "filename": "3 Days_Stockholm_2025-26_Europe Incoming.pdf",
      "region": "City Break",
      "folder": "city-break",
      "cities": ["Stockholm"],
      "duration": "3 days",
      "type": "City Break",
      "tags": ["Sweden", "Nordic"]
    },
    {
      "id": "city-035",
      "name": "3 Days Venice",
      "filename": "3 Days_Venice_2025-26_Europe Incoming.pdf",
      "region": "City Break",
      "folder": "city-break",
      "cities": ["Venice"],
      "duration": "3 days",
      "type": "City Break",
      "tags": ["Italy", "Canals", "Gondola"]
    },
    {
      "id": "city-036",
      "name": "3 Days Vienna",
      "filename": "3 Days_Vienna_2025-26_Europe Incoming.pdf",
      "region": "City Break",
      "folder": "city-break",
      "cities": ["Vienna"],
      "duration": "3 days",
      "type": "City Break",
      "tags": ["Austria", "Classical Music", "Danube"]
    },
    {
      "id": "city-037",
      "name": "3 Days Zurich",
      "filename": "3 Days_Zurich_2025-26_Europe Incoming.pdf",
      "region": "City Break",
      "folder": "city-break",
      "cities": ["Zurich"],
      "duration": "3 days",
      "type": "City Break",
      "tags": ["Switzerland", "Lake", "Banking"]
    }
  ]
}
